http	bytes	type	name	gender	id
402	256	payment_required	Rachel	female	21m00Tcm4TlvDq8ikWAM
402	256	payment_required	Domi	female	AZnzlk1XvdvUeBnXmlld
200	21777	Audio file with ID3 version 2.4.0, conta	Bella	female	EXAVITQu4vr4xnSDxMaL
200	21777	Audio file with ID3 version 2.4.0, conta	Antoni	male	ErXwobaYiN019PkySvjV
402	256	payment_required	Elli	female	MF3mGyEYCl7XYWbV9V6O
402	256	payment_required	Josh	male	TxGEqnHWrfWFTfGW9XjX
200	20524	Audio file with ID3 version 2.4.0, conta	Arnold	male	VR6AewLTigWG4xSOukaG
200	18852	Audio file with ID3 version 2.4.0, conta	Adam	male	pNInz6obpgDQGcFmaJgB
402	256	payment_required	Sam	male	yoZ06aMxZJJ28mfd3POQ
402	256	payment_required	Gigi	female	jBpfuIE2acCO8z3wKNLl
402	256	payment_required	Emily	female	jsCqWAovK2LkecY7zXl4
402	256	payment_required	Grace	female	oWAxZDx7w5VEj9dCyTzz
402	256	payment_required	Glinda	female	z9fAnlkpzviPz146aGWa
402	256	payment_required	Dorothy	female	ThT5KcBeYPX3keUQqHPh
402	256	payment_required	Charlotte	female	XB0fDUnXU5powFXDhCwa
200	22613	Audio file with ID3 version 2.4.0, conta	Matilda	female	XrExE9yKIg1WjnnlVkGX
200	22613	Audio file with ID3 version 2.4.0, conta	Bill	male	pqHfZKP75CvOlQylNhV4
200	20524	Audio file with ID3 version 2.4.0, conta	Brian	male	nPczCjzI2devNBz1zQrb
200	24285	Audio file with ID3 version 2.4.0, conta	Callum	male	N2lVS1w4EtoT3dr4eOWO
200	21777	Audio file with ID3 version 2.4.0, conta	Charlie	male	IKne3meq5aSn9XLyUdCD
200	28465	Audio file with ID3 version 2.4.0, conta	Daniel	male	onwK4e9ZLuTAKqWW03F9
402	256	payment_required	James	male	ZQe5CZNOzWyzPSCn5a3c
200	22613	Audio file with ID3 version 2.4.0, conta	Will	male	bIHbv24MWmeRgasZH58o
404	203	voice_not_found	River	neutral	SAz9YHcvj6GT2UU5JJmY
200	19688	Audio file with ID3 version 2.4.0, conta	Laura	female	FGY2WhTYpPnrIDTdsKH5
200	22613	Audio file with ID3 version 2.4.0, conta	Jessica	female	cgSgspJ2msm6clMCkdW9
200	17598	Audio file with ID3 version 2.4.0, conta	Chris	male	iP95p4xoKVk53GoZ742B
404	201	voice_not_found	Eric	male	cjVigY5qzO86H82SbQ
